"HITId","HITTypeId","Title","Description","Keywords","Reward","CreationTime","MaxAssignments","RequesterAnnotation","AssignmentDurationInSeconds","AutoApprovalDelayInSeconds","Expiration","NumberOfSimilarHITs","LifetimeInSeconds","AssignmentId","WorkerId","AssignmentStatus","AcceptTime","SubmitTime","AutoApprovalTime","ApprovalTime","RejectionTime","RequesterFeedback","WorkTimeInSeconds","LifetimeApprovalRate","Last30DaysApprovalRate","Last7DaysApprovalRate","Input.1_keyword","Input.1_line1","Input.1_line2","Input.1_line3","Input.1_line4","Input.1_line5","Input.1_score","Input.1_type","Input.2_keyword","Input.2_line1","Input.2_line2","Input.2_line3","Input.2_line4","Input.2_line5","Input.2_score","Input.2_type","Input.3_keyword","Input.3_line1","Input.3_line2","Input.3_line3","Input.3_line4","Input.3_line5","Input.3_score","Input.3_type","Input.4_keyword","Input.4_line1","Input.4_line2","Input.4_line3","Input.4_line4","Input.4_line5","Input.4_score","Input.4_type","Answer.1_emotion","Answer.1_grammar","Answer.1_humor","Answer.1_related","Answer.1_story","Answer.1_structure","Answer.2_emotion","Answer.2_grammar","Answer.2_humor","Answer.2_related","Answer.2_story","Answer.2_structure","Answer.2_three_letter","Answer.3_emotion","Answer.3_grammar","Answer.3_humor","Answer.3_related","Answer.3_story","Answer.3_structure","Answer.4_emotion","Answer.4_grammar","Answer.4_humor","Answer.4_related","Answer.4_story","Answer.4_structure","Answer.knows_limerick.on","Approve","Reject"
"3H4IKZHAMEGJ4Z6CV12K41HWJFQNNV","3H2ZGQZOT171HJWDY13L4ZZU0NLXYZ","Evaluate emotion and storytelling of a limerick","Please read the following 4 limericks and evaluate its quality in terms of emotion and story telling.","text, poem, literature, ranking","$0.45","Thu Feb 20 16:29:14 PST 2020","10","BatchId:3928548;OriginalHitTemplateId:928390828;","3600","259200","Thu Feb 27 16:29:14 PST 2020","","","339ANSOTR90S4C8BRA2EWLZWA21IKS","A1H1TKK54YG94Q","Submitted","Thu Feb 20 17:09:18 PST 2020","Thu Feb 20 17:18:06 PST 2020","Sun Feb 23 17:18:06 PST 2020","","","","528","0% (0/0)","0% (0/0)","0% (0/0)","fiance","There was a shy waitress named Mae","Who talked a good game on my birthday.","I asked for her boyfriend,","Which she got in the end,","And we went down and had our day.","-2.840501457452774","DTS_STORY","fiance","There was a shy grandma named Lorelei","Whose family never knew goodbye.","There is love like a son,","She finally begun,","As she found out three times in her cry.","-4.455868631601334","SINGLE_STORY","fiance","There was a actress named Larue","Who wanted so desperately too.","That when us talking,","To understand walking,","She said through the mirror and asked you.","-4.862616286277771","SINGLE_NO_STORY","fiance","There was a shy grandma named Bibi","Who talked for a little bit to me.","When I got to know her,","Her story was a blur,","I was surprised to hear and to see.","-2.7167279170826077","DTS_NO_STORY","2","2","1","1","3","1","2","2","1","1","2","1","0","1","1","1","1","2","1","2","3","2","1","4","4","true"
"3H4IKZHAMEGJ4Z6CV12K41HWJFQNNV","3H2ZGQZOT171HJWDY13L4ZZU0NLXYZ","Evaluate emotion and storytelling of a limerick","Please read the following 4 limericks and evaluate its quality in terms of emotion and story telling.","text, poem, literature, ranking","$0.45","Thu Feb 20 16:29:14 PST 2020","10","BatchId:3928548;OriginalHitTemplateId:928390828;","3600","259200","Thu Feb 27 16:29:14 PST 2020","","","33FOTY3KEQJZL80PRQ0AG352ORJC1J","AE3ZQZ2Z81Z11","Submitted","Thu Feb 20 17:41:59 PST 2020","Thu Feb 20 17:47:52 PST 2020","Sun Feb 23 17:47:52 PST 2020","","","","353","0% (0/0)","0% (0/0)","0% (0/0)","fiance","There was a shy waitress named Mae","Who talked a good game on my birthday.","I asked for her boyfriend,","Which she got in the end,","And we went down and had our day.","-2.840501457452774","DTS_STORY","fiance","There was a shy grandma named Lorelei","Whose family never knew goodbye.","There is love like a son,","She finally begun,","As she found out three times in her cry.","-4.455868631601334","SINGLE_STORY","fiance","There was a actress named Larue","Who wanted so desperately too.","That when us talking,","To understand walking,","She said through the mirror and asked you.","-4.862616286277771","SINGLE_NO_STORY","fiance","There was a shy grandma named Bibi","Who talked for a little bit to me.","When I got to know her,","Her story was a blur,","I was surprised to hear and to see.","-2.7167279170826077","DTS_NO_STORY","2","4","2","2","5","3","4","5","1","1","1","2","0","2","3","1","1","2","2","1","5","1","1","5","3","true"
"3H4IKZHAMEGJ4Z6CV12K41HWJFQNNV","3H2ZGQZOT171HJWDY13L4ZZU0NLXYZ","Evaluate emotion and storytelling of a limerick","Please read the following 4 limericks and evaluate its quality in terms of emotion and story telling.","text, poem, literature, ranking","$0.45","Thu Feb 20 16:29:14 PST 2020","10","BatchId:3928548;OriginalHitTemplateId:928390828;","3600","259200","Thu Feb 27 16:29:14 PST 2020","","","3COPXFW7XFAKLYVF45SY5I08WGYPKD","A2O0KQ1VUVTKMW","Submitted","Thu Feb 20 18:05:28 PST 2020","Thu Feb 20 18:12:21 PST 2020","Sun Feb 23 18:12:21 PST 2020","","","","413","0% (0/0)","0% (0/0)","0% (0/0)","fiance","There was a shy waitress named Mae","Who talked a good game on my birthday.","I asked for her boyfriend,","Which she got in the end,","And we went down and had our day.","-2.840501457452774","DTS_STORY","fiance","There was a shy grandma named Lorelei","Whose family never knew goodbye.","There is love like a son,","She finally begun,","As she found out three times in her cry.","-4.455868631601334","SINGLE_STORY","fiance","There was a actress named Larue","Who wanted so desperately too.","That when us talking,","To understand walking,","She said through the mirror and asked you.","-4.862616286277771","SINGLE_NO_STORY","fiance","There was a shy grandma named Bibi","Who talked for a little bit to me.","When I got to know her,","Her story was a blur,","I was surprised to hear and to see.","-2.7167279170826077","DTS_NO_STORY","2","3","1","2","2","3","4","3","1","1","2","2","0","2","2","1","1","2","2","5","4","1","1","5","5","true"
"3H4IKZHAMEGJ4Z6CV12K41HWJFQNNV","3H2ZGQZOT171HJWDY13L4ZZU0NLXYZ","Evaluate emotion and storytelling of a limerick","Please read the following 4 limericks and evaluate its quality in terms of emotion and story telling.","text, poem, literature, ranking","$0.45","Thu Feb 20 16:29:14 PST 2020","10","BatchId:3928548;OriginalHitTemplateId:928390828;","3600","259200","Thu Feb 27 16:29:14 PST 2020","","","3ERMJ6L4D2QQ5GRITVBXK91RLRPM7A","A1I3QYJJU5ACFR","Submitted","Thu Feb 20 18:40:10 PST 2020","Thu Feb 20 18:43:20 PST 2020","Sun Feb 23 18:43:20 PST 2020","","","","190","0% (0/0)","0% (0/0)","0% (0/0)","fiance","There was a shy waitress named Mae","Who talked a good game on my birthday.","I asked for her boyfriend,","Which she got in the end,","And we went down and had our day.","-2.840501457452774","DTS_STORY","fiance","There was a shy grandma named Lorelei","Whose family never knew goodbye.","There is love like a son,","She finally begun,","As she found out three times in her cry.","-4.455868631601334","SINGLE_STORY","fiance","There was a actress named Larue","Who wanted so desperately too.","That when us talking,","To understand walking,","She said through the mirror and asked you.","-4.862616286277771","SINGLE_NO_STORY","fiance","There was a shy grandma named Bibi","Who talked for a little bit to me.","When I got to know her,","Her story was a blur,","I was surprised to hear and to see.","-2.7167279170826077","DTS_NO_STORY","3","4","3","2","3","2","3","3","2","2","2","2","0","3","2","3","2","3","2","4","4","3","2","4","3","true"
"3H4IKZHAMEGJ4Z6CV12K41HWJFQNNV","3H2ZGQZOT171HJWDY13L4ZZU0NLXYZ","Evaluate emotion and storytelling of a limerick","Please read the following 4 limericks and evaluate its quality in terms of emotion and story telling.","text, poem, literature, ranking","$0.45","Thu Feb 20 16:29:14 PST 2020","10","BatchId:3928548;OriginalHitTemplateId:928390828;","3600","259200","Thu Feb 27 16:29:14 PST 2020","","","3KRVW3HTZRJCOEBAHY98F0XN85WMSR","A2SO6K35NMGBB7","Submitted","Thu Feb 20 16:29:22 PST 2020","Thu Feb 20 16:45:09 PST 2020","Sun Feb 23 16:45:09 PST 2020","","","","947","0% (0/0)","0% (0/0)","0% (0/0)","fiance","There was a shy waitress named Mae","Who talked a good game on my birthday.","I asked for her boyfriend,","Which she got in the end,","And we went down and had our day.","-2.840501457452774","DTS_STORY","fiance","There was a shy grandma named Lorelei","Whose family never knew goodbye.","There is love like a son,","She finally begun,","As she found out three times in her cry.","-4.455868631601334","SINGLE_STORY","fiance","There was a actress named Larue","Who wanted so desperately too.","That when us talking,","To understand walking,","She said through the mirror and asked you.","-4.862616286277771","SINGLE_NO_STORY","fiance","There was a shy grandma named Bibi","Who talked for a little bit to me.","When I got to know her,","Her story was a blur,","I was surprised to hear and to see.","-2.7167279170826077","DTS_NO_STORY","2","2","2","2","2","2","2","2","2","2","2","2","0","2","2","2","2","2","2","2","4","2","2","3","3","true"
"3H4IKZHAMEGJ4Z6CV12K41HWJFQNNV","3H2ZGQZOT171HJWDY13L4ZZU0NLXYZ","Evaluate emotion and storytelling of a limerick","Please read the following 4 limericks and evaluate its quality in terms of emotion and story telling.","text, poem, literature, ranking","$0.45","Thu Feb 20 16:29:14 PST 2020","10","BatchId:3928548;OriginalHitTemplateId:928390828;","3600","259200","Thu Feb 27 16:29:14 PST 2020","","","3NAPMVF0Z0D0YCNPJDSD50NTFM627X","A3IDU0PGLK1H1F","Submitted","Thu Feb 20 17:43:24 PST 2020","Thu Feb 20 17:49:38 PST 2020","Sun Feb 23 17:49:38 PST 2020","","","","374","0% (0/0)","0% (0/0)","0% (0/0)","fiance","There was a shy waitress named Mae","Who talked a good game on my birthday.","I asked for her boyfriend,","Which she got in the end,","And we went down and had our day.","-2.840501457452774","DTS_STORY","fiance","There was a shy grandma named Lorelei","Whose family never knew goodbye.","There is love like a son,","She finally begun,","As she found out three times in her cry.","-4.455868631601334","SINGLE_STORY","fiance","There was a actress named Larue","Who wanted so desperately too.","That when us talking,","To understand walking,","She said through the mirror and asked you.","-4.862616286277771","SINGLE_NO_STORY","fiance","There was a shy grandma named Bibi","Who talked for a little bit to me.","When I got to know her,","Her story was a blur,","I was surprised to hear and to see.","-2.7167279170826077","DTS_NO_STORY","4","4","2","4","4","2","4","2","2","3","4","2","0","5","5","5","5","5","5","4","3","2","3","4","4","true"
"3H4IKZHAMEGJ4Z6CV12K41HWJFQNNV","3H2ZGQZOT171HJWDY13L4ZZU0NLXYZ","Evaluate emotion and storytelling of a limerick","Please read the following 4 limericks and evaluate its quality in terms of emotion and story telling.","text, poem, literature, ranking","$0.45","Thu Feb 20 16:29:14 PST 2020","10","BatchId:3928548;OriginalHitTemplateId:928390828;","3600","259200","Thu Feb 27 16:29:14 PST 2020","","","3O6CYIULEHZO83XSA5AV3ZH2R4VWU8","A2H6K1XIK4LY7O","Submitted","Thu Feb 20 16:29:25 PST 2020","Thu Feb 20 16:36:51 PST 2020","Sun Feb 23 16:36:51 PST 2020","","","","446","0% (0/0)","0% (0/0)","0% (0/0)","fiance","There was a shy waitress named Mae","Who talked a good game on my birthday.","I asked for her boyfriend,","Which she got in the end,","And we went down and had our day.","-2.840501457452774","DTS_STORY","fiance","There was a shy grandma named Lorelei","Whose family never knew goodbye.","There is love like a son,","She finally begun,","As she found out three times in her cry.","-4.455868631601334","SINGLE_STORY","fiance","There was a actress named Larue","Who wanted so desperately too.","That when us talking,","To understand walking,","She said through the mirror and asked you.","-4.862616286277771","SINGLE_NO_STORY","fiance","There was a shy grandma named Bibi","Who talked for a little bit to me.","When I got to know her,","Her story was a blur,","I was surprised to hear and to see.","-2.7167279170826077","DTS_NO_STORY","4","4","3","3","3","3","4","3","3","3","4","4","0","4","4","4","3","3","3","3","3","3","3","2","3","true"
"3H4IKZHAMEGJ4Z6CV12K41HWJFQNNV","3H2ZGQZOT171HJWDY13L4ZZU0NLXYZ","Evaluate emotion and storytelling of a limerick","Please read the following 4 limericks and evaluate its quality in terms of emotion and story telling.","text, poem, literature, ranking","$0.45","Thu Feb 20 16:29:14 PST 2020","10","BatchId:3928548;OriginalHitTemplateId:928390828;","3600","259200","Thu Feb 27 16:29:14 PST 2020","","","3RYC5T2D77R6828AUP1V6UMMR8QPR4","A28HB7240OFGEW","Submitted","Thu Feb 20 17:06:49 PST 2020","Thu Feb 20 17:18:29 PST 2020","Sun Feb 23 17:18:29 PST 2020","","","","700","0% (0/0)","0% (0/0)","0% (0/0)","fiance","There was a shy waitress named Mae","Who talked a good game on my birthday.","I asked for her boyfriend,","Which she got in the end,","And we went down and had our day.","-2.840501457452774","DTS_STORY","fiance","There was a shy grandma named Lorelei","Whose family never knew goodbye.","There is love like a son,","She finally begun,","As she found out three times in her cry.","-4.455868631601334","SINGLE_STORY","fiance","There was a actress named Larue","Who wanted so desperately too.","That when us talking,","To understand walking,","She said through the mirror and asked you.","-4.862616286277771","SINGLE_NO_STORY","fiance","There was a shy grandma named Bibi","Who talked for a little bit to me.","When I got to know her,","Her story was a blur,","I was surprised to hear and to see.","-2.7167279170826077","DTS_NO_STORY","4","4","2","4","4","3","2","2","2","2","2","2","0","2","4","2","2","2","2","2","4","2","2","3","2","true"
"3H4IKZHAMEGJ4Z6CV12K41HWJFQNNV","3H2ZGQZOT171HJWDY13L4ZZU0NLXYZ","Evaluate emotion and storytelling of a limerick","Please read the following 4 limericks and evaluate its quality in terms of emotion and story telling.","text, poem, literature, ranking","$0.45","Thu Feb 20 16:29:14 PST 2020","10","BatchId:3928548;OriginalHitTemplateId:928390828;","3600","259200","Thu Feb 27 16:29:14 PST 2020","","","3TS1AR6UQUCKZ6Z1787KPJHIOQ7F7Q","A249EWKM1EOARK","Submitted","Thu Feb 20 16:36:32 PST 2020","Thu Feb 20 17:04:31 PST 2020","Sun Feb 23 17:04:31 PST 2020","","","","1679","0% (0/0)","0% (0/0)","0% (0/0)","fiance","There was a shy waitress named Mae","Who talked a good game on my birthday.","I asked for her boyfriend,","Which she got in the end,","And we went down and had our day.","-2.840501457452774","DTS_STORY","fiance","There was a shy grandma named Lorelei","Whose family never knew goodbye.","There is love like a son,","She finally begun,","As she found out three times in her cry.","-4.455868631601334","SINGLE_STORY","fiance","There was a actress named Larue","Who wanted so desperately too.","That when us talking,","To understand walking,","She said through the mirror and asked you.","-4.862616286277771","SINGLE_NO_STORY","fiance","There was a shy grandma named Bibi","Who talked for a little bit to me.","When I got to know her,","Her story was a blur,","I was surprised to hear and to see.","-2.7167279170826077","DTS_NO_STORY","5","2","3","2","4","1","5","2","2","2","3","3","0","3","4","2","2","3","2","5","5","3","2","5","5","true"
"3H4IKZHAMEGJ4Z6CV12K41HWJFQNNV","3H2ZGQZOT171HJWDY13L4ZZU0NLXYZ","Evaluate emotion and storytelling of a limerick","Please read the following 4 limericks and evaluate its quality in terms of emotion and story telling.","text, poem, literature, ranking","$0.45","Thu Feb 20 16:29:14 PST 2020","10","BatchId:3928548;OriginalHitTemplateId:928390828;","3600","259200","Thu Feb 27 16:29:14 PST 2020","","","3Z2R0DQ0JLCL7R2Z6L6JBAFA1972EG","A36VE0W154IHO7","Submitted","Thu Feb 20 16:33:22 PST 2020","Thu Feb 20 16:37:03 PST 2020","Sun Feb 23 16:37:03 PST 2020","","","","221","0% (0/0)","0% (0/0)","0% (0/0)","fiance","There was a shy waitress named Mae","Who talked a good game on my birthday.","I asked for her boyfriend,","Which she got in the end,","And we went down and had our day.","-2.840501457452774","DTS_STORY","fiance","There was a shy grandma named Lorelei","Whose family never knew goodbye.","There is love like a son,","She finally begun,","As she found out three times in her cry.","-4.455868631601334","SINGLE_STORY","fiance","There was a actress named Larue","Who wanted so desperately too.","That when us talking,","To understand walking,","She said through the mirror and asked you.","-4.862616286277771","SINGLE_NO_STORY","fiance","There was a shy grandma named Bibi","Who talked for a little bit to me.","When I got to know her,","Her story was a blur,","I was surprised to hear and to see.","-2.7167279170826077","DTS_NO_STORY","2","2","2","2","3","3","3","2","3","2","2","2","0","3","2","3","4","4","2","2","3","2","4","3","2","true"
"3HKIF5DF71VS55LW7N6KWGDFDENG9H","3H2ZGQZOT171HJWDY13L4ZZU0NLXYZ","Evaluate emotion and storytelling of a limerick","Please read the following 4 limericks and evaluate its quality in terms of emotion and story telling.","text, poem, literature, ranking","$0.45","Thu Feb 20 16:29:14 PST 2020","10","BatchId:3928548;OriginalHitTemplateId:928390828;","3600","259200","Thu Feb 27 16:29:14 PST 2020","","","345LHZDED1QRH5V40LZTY265TB0U3Z","A3SD02HCW68EUL","Submitted","Thu Feb 20 16:29:24 PST 2020","Thu Feb 20 16:38:04 PST 2020","Sun Feb 23 16:38:04 PST 2020","","","","520","0% (0/0)","0% (0/0)","0% (0/0)","violent","There was a fierce woman named Lore","Who killed all her family in a war.","She came back from the dead,","And she went to the shed,","And she looked down and saw her mentor.","-2.728882068937475","DTS_NO_STORY","violent","There was a harsh man named Trent","Who inflicted so severe torment.","That when himself cruel,","To overcome fuel,","He went through the fire and was meant.","-5.08125904083252","SINGLE_STORY","violent","There was a fierce woman named Dot","Who witnessed a great battle and fought.","She came back from the war,","And she went to the door,","As she used to say, I have a thought.","-2.865580190247034","DTS_STORY","violent","There was a harsh woman named Dede","Who feared so exceedingly indeed.","That when us sinners,","To satisfy dinners,","We went through the city and did need.","-5.078181998729706","SINGLE_NO_STORY","4","3","3","4","4","3","4","2","3","4","4","3","1","3","3","3","4","3","3","3","3","3","4","4","4","true"
"3HKIF5DF71VS55LW7N6KWGDFDENG9H","3H2ZGQZOT171HJWDY13L4ZZU0NLXYZ","Evaluate emotion and storytelling of a limerick","Please read the following 4 limericks and evaluate its quality in terms of emotion and story telling.","text, poem, literature, ranking","$0.45","Thu Feb 20 16:29:14 PST 2020","10","BatchId:3928548;OriginalHitTemplateId:928390828;","3600","259200","Thu Feb 27 16:29:14 PST 2020","","","34Q075JO11BFRG59FA7QL231F2L10E","A3FCFLL2IUFYGL","Submitted","Thu Feb 20 17:13:57 PST 2020","Thu Feb 20 17:47:15 PST 2020","Sun Feb 23 17:47:15 PST 2020","","","","1998","0% (0/0)","0% (0/0)","0% (0/0)","violent","There was a fierce woman named Lore","Who killed all her family in a war.","She came back from the dead,","And she went to the shed,","And she looked down and saw her mentor.","-2.728882068937475","DTS_NO_STORY","violent","There was a harsh man named Trent","Who inflicted so severe torment.","That when himself cruel,","To overcome fuel,","He went through the fire and was meant.","-5.08125904083252","SINGLE_STORY","violent","There was a fierce woman named Dot","Who witnessed a great battle and fought.","She came back from the war,","And she went to the door,","As she used to say, I have a thought.","-2.865580190247034","DTS_STORY","violent","There was a harsh woman named Dede","Who feared so exceedingly indeed.","That when us sinners,","To satisfy dinners,","We went through the city and did need.","-5.078181998729706","SINGLE_NO_STORY","3","3","3","3","3","3","2","3","3","3","3","4","1","3","3","3","2","3","3","3","3","3","2","3","4","true"
"3HKIF5DF71VS55LW7N6KWGDFDENG9H","3H2ZGQZOT171HJWDY13L4ZZU0NLXYZ","Evaluate emotion and storytelling of a limerick","Please read the following 4 limericks and evaluate its quality in terms of emotion and story telling.","text, poem, literature, ranking","$0.45","Thu Feb 20 16:29:14 PST 2020","10","BatchId:3928548;OriginalHitTemplateId:928390828;","3600","259200","Thu Feb 27 16:29:14 PST 2020","","","358010RM5IR3AIRIP0GM14XSEDDVXS","A3959GYL1Z4EO0","Submitted","Thu Feb 20 17:36:45 PST 2020","Thu Feb 20 17:39:52 PST 2020","Sun Feb 23 17:39:52 PST 2020","","","","187","0% (0/0)","0% (0/0)","0% (0/0)","violent","There was a fierce woman named Lore","Who killed all her family in a war.","She came back from the dead,","And she went to the shed,","And she looked down and saw her mentor.","-2.728882068937475","DTS_NO_STORY","violent","There was a harsh man named Trent","Who inflicted so severe torment.","That when himself cruel,","To overcome fuel,","He went through the fire and was meant.","-5.08125904083252","SINGLE_STORY","violent","There was a fierce woman named Dot","Who witnessed a great battle and fought.","She came back from the war,","And she went to the door,","As she used to say, I have a thought.","-2.865580190247034","DTS_STORY","violent","There was a harsh woman named Dede","Who feared so exceedingly indeed.","That when us sinners,","To satisfy dinners,","We went through the city and did need.","-5.078181998729706","SINGLE_NO_STORY","5","5","1","5","5","3","5","3","1","5","1","2","1","2","5","3","2","4","3","2","2","1","1","1","1","true"
"3HKIF5DF71VS55LW7N6KWGDFDENG9H","3H2ZGQZOT171HJWDY13L4ZZU0NLXYZ","Evaluate emotion and storytelling of a limerick","Please read the following 4 limericks and evaluate its quality in terms of emotion and story telling.","text, poem, literature, ranking","$0.45","Thu Feb 20 16:29:14 PST 2020","10","BatchId:3928548;OriginalHitTemplateId:928390828;","3600","259200","Thu Feb 27 16:29:14 PST 2020","","","36H9ULYP66SDJ1038HWHS9MRFLCJF6","A3IDU0PGLK1H1F","Submitted","Thu Feb 20 18:15:10 PST 2020","Thu Feb 20 18:29:09 PST 2020","Sun Feb 23 18:29:09 PST 2020","","","","839","0% (0/0)","0% (0/0)","0% (0/0)","violent","There was a fierce woman named Lore","Who killed all her family in a war.","She came back from the dead,","And she went to the shed,","And she looked down and saw her mentor.","-2.728882068937475","DTS_NO_STORY","violent","There was a harsh man named Trent","Who inflicted so severe torment.","That when himself cruel,","To overcome fuel,","He went through the fire and was meant.","-5.08125904083252","SINGLE_STORY","violent","There was a fierce woman named Dot","Who witnessed a great battle and fought.","She came back from the war,","And she went to the door,","As she used to say, I have a thought.","-2.865580190247034","DTS_STORY","violent","There was a harsh woman named Dede","Who feared so exceedingly indeed.","That when us sinners,","To satisfy dinners,","We went through the city and did need.","-5.078181998729706","SINGLE_NO_STORY","5","5","3","5","5","5","3","3","3","4","3","3","1","4","4","4","4","4","4","3","4","4","4","3","4","true"
"3HKIF5DF71VS55LW7N6KWGDFDENG9H","3H2ZGQZOT171HJWDY13L4ZZU0NLXYZ","Evaluate emotion and storytelling of a limerick","Please read the following 4 limericks and evaluate its quality in terms of emotion and story telling.","text, poem, literature, ranking","$0.45","Thu Feb 20 16:29:14 PST 2020","10","BatchId:3928548;OriginalHitTemplateId:928390828;","3600","259200","Thu Feb 27 16:29:14 PST 2020","","","384PI804XWZFL043STMAH3QA52VS0M","A2WWYVKGZZXBOB","Submitted","Thu Feb 20 16:29:33 PST 2020","Thu Feb 20 16:33:33 PST 2020","Sun Feb 23 16:33:33 PST 2020","","","","240","0% (0/0)","0% (0/0)","0% (0/0)","violent","There was a fierce woman named Lore","Who killed all her family in a war.","She came back from the dead,","And she went to the shed,","And she looked down and saw her mentor.","-2.728882068937475","DTS_NO_STORY","violent","There was a harsh man named Trent","Who inflicted so severe torment.","That when himself cruel,","To overcome fuel,","He went through the fire and was meant.","-5.08125904083252","SINGLE_STORY","violent","There was a fierce woman named Dot","Who witnessed a great battle and fought.","She came back from the war,","And she went to the door,","As she used to say, I have a thought.","-2.865580190247034","DTS_STORY","violent","There was a harsh woman named Dede","Who feared so exceedingly indeed.","That when us sinners,","To satisfy dinners,","We went through the city and did need.","-5.078181998729706","SINGLE_NO_STORY","2","4","2","4","3","4","2","3","2","4","2","2","1","2","4","2","3","3","3","1","3","2","1","2","2","true"
"3HKIF5DF71VS55LW7N6KWGDFDENG9H","3H2ZGQZOT171HJWDY13L4ZZU0NLXYZ","Evaluate emotion and storytelling of a limerick","Please read the following 4 limericks and evaluate its quality in terms of emotion and story telling.","text, poem, literature, ranking","$0.45","Thu Feb 20 16:29:14 PST 2020","10","BatchId:3928548;OriginalHitTemplateId:928390828;","3600","259200","Thu Feb 27 16:29:14 PST 2020","","","3DHE4R9OC09JR5YQCGW7BD0MEPLG2A","A3TPW4JUUJDUFI","Submitted","Thu Feb 20 16:33:00 PST 2020","Thu Feb 20 16:51:31 PST 2020","Sun Feb 23 16:51:31 PST 2020","","","","1111","0% (0/0)","0% (0/0)","0% (0/0)","violent","There was a fierce woman named Lore","Who killed all her family in a war.","She came back from the dead,","And she went to the shed,","And she looked down and saw her mentor.","-2.728882068937475","DTS_NO_STORY","violent","There was a harsh man named Trent","Who inflicted so severe torment.","That when himself cruel,","To overcome fuel,","He went through the fire and was meant.","-5.08125904083252","SINGLE_STORY","violent","There was a fierce woman named Dot","Who witnessed a great battle and fought.","She came back from the war,","And she went to the door,","As she used to say, I have a thought.","-2.865580190247034","DTS_STORY","violent","There was a harsh woman named Dede","Who feared so exceedingly indeed.","That when us sinners,","To satisfy dinners,","We went through the city and did need.","-5.078181998729706","SINGLE_NO_STORY","3","4","2","3","4","2","4","3","3","3","4","2","1","2","4","2","3","2","3","4","3","4","2","2","3","true"
"3HKIF5DF71VS55LW7N6KWGDFDENG9H","3H2ZGQZOT171HJWDY13L4ZZU0NLXYZ","Evaluate emotion and storytelling of a limerick","Please read the following 4 limericks and evaluate its quality in terms of emotion and story telling.","text, poem, literature, ranking","$0.45","Thu Feb 20 16:29:14 PST 2020","10","BatchId:3928548;OriginalHitTemplateId:928390828;","3600","259200","Thu Feb 27 16:29:14 PST 2020","","","3FIUS151DZ096Z6XBVHWDHUNO8UGGX","AVASQBFN6J692","Submitted","Thu Feb 20 17:49:39 PST 2020","Thu Feb 20 17:52:19 PST 2020","Sun Feb 23 17:52:19 PST 2020","","","","160","0% (0/0)","0% (0/0)","0% (0/0)","violent","There was a fierce woman named Lore","Who killed all her family in a war.","She came back from the dead,","And she went to the shed,","And she looked down and saw her mentor.","-2.728882068937475","DTS_NO_STORY","violent","There was a harsh man named Trent","Who inflicted so severe torment.","That when himself cruel,","To overcome fuel,","He went through the fire and was meant.","-5.08125904083252","SINGLE_STORY","violent","There was a fierce woman named Dot","Who witnessed a great battle and fought.","She came back from the war,","And she went to the door,","As she used to say, I have a thought.","-2.865580190247034","DTS_STORY","violent","There was a harsh woman named Dede","Who feared so exceedingly indeed.","That when us sinners,","To satisfy dinners,","We went through the city and did need.","-5.078181998729706","SINGLE_NO_STORY","3","3","2","4","3","2","2","2","2","2","2","2","1","4","4","3","5","4","4","4","4","3","2","4","4","true"
"3HKIF5DF71VS55LW7N6KWGDFDENG9H","3H2ZGQZOT171HJWDY13L4ZZU0NLXYZ","Evaluate emotion and storytelling of a limerick","Please read the following 4 limericks and evaluate its quality in terms of emotion and story telling.","text, poem, literature, ranking","$0.45","Thu Feb 20 16:29:14 PST 2020","10","BatchId:3928548;OriginalHitTemplateId:928390828;","3600","259200","Thu Feb 27 16:29:14 PST 2020","","","3S96KQ6I9Q2AZKICT5FV6F6F1AITD5","A24LB89P1BPKKF","Submitted","Thu Feb 20 16:33:58 PST 2020","Thu Feb 20 17:15:44 PST 2020","Sun Feb 23 17:15:44 PST 2020","","","","2506","0% (0/0)","0% (0/0)","0% (0/0)","violent","There was a fierce woman named Lore","Who killed all her family in a war.","She came back from the dead,","And she went to the shed,","And she looked down and saw her mentor.","-2.728882068937475","DTS_NO_STORY","violent","There was a harsh man named Trent","Who inflicted so severe torment.","That when himself cruel,","To overcome fuel,","He went through the fire and was meant.","-5.08125904083252","SINGLE_STORY","violent","There was a fierce woman named Dot","Who witnessed a great battle and fought.","She came back from the war,","And she went to the door,","As she used to say, I have a thought.","-2.865580190247034","DTS_STORY","violent","There was a harsh woman named Dede","Who feared so exceedingly indeed.","That when us sinners,","To satisfy dinners,","We went through the city and did need.","-5.078181998729706","SINGLE_NO_STORY","5","5","1","5","5","4","1","1","1","2","2","1","1","1","5","1","2","4","3","1","1","1","1","2","1","true"
"3HKIF5DF71VS55LW7N6KWGDFDENG9H","3H2ZGQZOT171HJWDY13L4ZZU0NLXYZ","Evaluate emotion and storytelling of a limerick","Please read the following 4 limericks and evaluate its quality in terms of emotion and story telling.","text, poem, literature, ranking","$0.45","Thu Feb 20 16:29:14 PST 2020","10","BatchId:3928548;OriginalHitTemplateId:928390828;","3600","259200","Thu Feb 27 16:29:14 PST 2020","","","3SITXWYCNZ7O14TCKJPM0S3LBLYBX3","A8TIL9U6YHG5","Submitted","Thu Feb 20 17:41:34 PST 2020","Thu Feb 20 17:54:52 PST 2020","Sun Feb 23 17:54:52 PST 2020","","","","798","0% (0/0)","0% (0/0)","0% (0/0)","violent","There was a fierce woman named Lore","Who killed all her family in a war.","She came back from the dead,","And she went to the shed,","And she looked down and saw her mentor.","-2.728882068937475","DTS_NO_STORY","violent","There was a harsh man named Trent","Who inflicted so severe torment.","That when himself cruel,","To overcome fuel,","He went through the fire and was meant.","-5.08125904083252","SINGLE_STORY","violent","There was a fierce woman named Dot","Who witnessed a great battle and fought.","She came back from the war,","And she went to the door,","As she used to say, I have a thought.","-2.865580190247034","DTS_STORY","violent","There was a harsh woman named Dede","Who feared so exceedingly indeed.","That when us sinners,","To satisfy dinners,","We went through the city and did need.","-5.078181998729706","SINGLE_NO_STORY","5","4","1","5","5","5","1","1","1","2","1","2","1","3","5","2","3","4","5","1","2","1","1","1","1","true"
"3HKIF5DF71VS55LW7N6KWGDFDENG9H","3H2ZGQZOT171HJWDY13L4ZZU0NLXYZ","Evaluate emotion and storytelling of a limerick","Please read the following 4 limericks and evaluate its quality in terms of emotion and story telling.","text, poem, literature, ranking","$0.45","Thu Feb 20 16:29:14 PST 2020","10","BatchId:3928548;OriginalHitTemplateId:928390828;","3600","259200","Thu Feb 27 16:29:14 PST 2020","","","3WYP994K1BP7VX2RTOUG8QO2ZQI6YK","AE3ZQZ2Z81Z11","Submitted","Thu Feb 20 18:01:41 PST 2020","Thu Feb 20 18:04:22 PST 2020","Sun Feb 23 18:04:22 PST 2020","","","","161","0% (0/0)","0% (0/0)","0% (0/0)","violent","There was a fierce woman named Lore","Who killed all her family in a war.","She came back from the dead,","And she went to the shed,","And she looked down and saw her mentor.","-2.728882068937475","DTS_NO_STORY","violent","There was a harsh man named Trent","Who inflicted so severe torment.","That when himself cruel,","To overcome fuel,","He went through the fire and was meant.","-5.08125904083252","SINGLE_STORY","violent","There was a fierce woman named Dot","Who witnessed a great battle and fought.","She came back from the war,","And she went to the door,","As she used to say, I have a thought.","-2.865580190247034","DTS_STORY","violent","There was a harsh woman named Dede","Who feared so exceedingly indeed.","That when us sinners,","To satisfy dinners,","We went through the city and did need.","-5.078181998729706","SINGLE_NO_STORY","2","5","1","4","5","3","1","2","1","4","4","2","1","2","5","1","3","5","5","1","2","1","1","1","1","true"
"3L2OEKSTXC8SDRNMW1MC3KP8Y4V8YI","3H2ZGQZOT171HJWDY13L4ZZU0NLXYZ","Evaluate emotion and storytelling of a limerick","Please read the following 4 limericks and evaluate its quality in terms of emotion and story telling.","text, poem, literature, ranking","$0.45","Thu Feb 20 16:29:14 PST 2020","10","BatchId:3928548;OriginalHitTemplateId:928390828;","3600","259200","Thu Feb 27 16:29:14 PST 2020","","","3300DTYQT6F2ZA4K8WWK7SDDHFNQEK","A1BYP5OP3OZUZH","Submitted","Thu Feb 20 17:33:56 PST 2020","Thu Feb 20 18:05:34 PST 2020","Sun Feb 23 18:05:34 PST 2020","","","","1898","0% (0/0)","0% (0/0)","0% (0/0)","victory","There was a lieutenant named Brande","Who struggled for a long time to stand.","When she tried to do so,","She was struck by a blow,","With a great deal of blood on her hand.","-2.384975821546772","DTS_NO_STORY","victory","There was a vain captain named Rose","Who took on innumerable foes.","But she overcame them,","A glorious outcome,","And since then has gradually rose.","-4.094738522301549","SINGLE_NO_STORY","victory","There was a brave captain named Renee","Whose bravery finally gave way.","There is strength like a fight,","She literally might,","As she was out two hours in her day.","-4.4695888459682465","SINGLE_STORY","victory","There was a fierce judge named Brande","Who fought a great battle on her land.","When she returned to fight,","She was struck by a light,","And she had to flee to a safe hand.","-2.7569039328531786","DTS_STORY","4","5","1","4","5","3","3","4","1","5","5","4","1","2","4","1","3","3","3","2","4","1","4","3","3","true"
"3L2OEKSTXC8SDRNMW1MC3KP8Y4V8YI","3H2ZGQZOT171HJWDY13L4ZZU0NLXYZ","Evaluate emotion and storytelling of a limerick","Please read the following 4 limericks and evaluate its quality in terms of emotion and story telling.","text, poem, literature, ranking","$0.45","Thu Feb 20 16:29:14 PST 2020","10","BatchId:3928548;OriginalHitTemplateId:928390828;","3600","259200","Thu Feb 27 16:29:14 PST 2020","","","34HJIJKLP9UCCG385PEH4T0ULICV4H","A92XQ2GO3SPVE","Submitted","Thu Feb 20 18:57:17 PST 2020","Thu Feb 20 19:16:25 PST 2020","Sun Feb 23 19:16:25 PST 2020","","","","1148","0% (0/0)","0% (0/0)","0% (0/0)","victory","There was a lieutenant named Brande","Who struggled for a long time to stand.","When she tried to do so,","She was struck by a blow,","With a great deal of blood on her hand.","-2.384975821546772","DTS_NO_STORY","victory","There was a vain captain named Rose","Who took on innumerable foes.","But she overcame them,","A glorious outcome,","And since then has gradually rose.","-4.094738522301549","SINGLE_NO_STORY","victory","There was a brave captain named Renee","Whose bravery finally gave way.","There is strength like a fight,","She literally might,","As she was out two hours in her day.","-4.4695888459682465","SINGLE_STORY","victory","There was a fierce judge named Brande","Who fought a great battle on her land.","When she returned to fight,","She was struck by a light,","And she had to flee to a safe hand.","-2.7569039328531786","DTS_STORY","2","4","2","2","4","2","3","3","2","5","5","4","1","2","3","2","3","2","2","2","2","2","3","3","3","true"
"3L2OEKSTXC8SDRNMW1MC3KP8Y4V8YI","3H2ZGQZOT171HJWDY13L4ZZU0NLXYZ","Evaluate emotion and storytelling of a limerick","Please read the following 4 limericks and evaluate its quality in terms of emotion and story telling.","text, poem, literature, ranking","$0.45","Thu Feb 20 16:29:14 PST 2020","10","BatchId:3928548;OriginalHitTemplateId:928390828;","3600","259200","Thu Feb 27 16:29:14 PST 2020","","","3K2755HG5W10GF0BYLA6PBREA1AFDJ","A2U0JT7TSIIXPS","Submitted","Thu Feb 20 16:29:47 PST 2020","Thu Feb 20 17:13:47 PST 2020","Sun Feb 23 17:13:47 PST 2020","","","","2640","0% (0/0)","0% (0/0)","0% (0/0)","victory","There was a lieutenant named Brande","Who struggled for a long time to stand.","When she tried to do so,","She was struck by a blow,","With a great deal of blood on her hand.","-2.384975821546772","DTS_NO_STORY","victory","There was a vain captain named Rose","Who took on innumerable foes.","But she overcame them,","A glorious outcome,","And since then has gradually rose.","-4.094738522301549","SINGLE_NO_STORY","victory","There was a brave captain named Renee","Whose bravery finally gave way.","There is strength like a fight,","She literally might,","As she was out two hours in her day.","-4.4695888459682465","SINGLE_STORY","victory","There was a fierce judge named Brande","Who fought a great battle on her land.","When she returned to fight,","She was struck by a light,","And she had to flee to a safe hand.","-2.7569039328531786","DTS_STORY","3","3","2","2","2","3","3","2","2","3","2","3","1","3","2","4","3","2","2","2","3","4","4","2","3","true"
"3L2OEKSTXC8SDRNMW1MC3KP8Y4V8YI","3H2ZGQZOT171HJWDY13L4ZZU0NLXYZ","Evaluate emotion and storytelling of a limerick","Please read the following 4 limericks and evaluate its quality in terms of emotion and story telling.","text, poem, literature, ranking","$0.45","Thu Feb 20 16:29:14 PST 2020","10","BatchId:3928548;OriginalHitTemplateId:928390828;","3600","259200","Thu Feb 27 16:29:14 PST 2020","","","3PS7W85Z830YWU5VHPATKJNPAP69T7","A2H8HVANGF4A58","Submitted","Thu Feb 20 17:24:21 PST 2020","Thu Feb 20 17:26:53 PST 2020","Sun Feb 23 17:26:53 PST 2020","","","","152","0% (0/0)","0% (0/0)","0% (0/0)","victory","There was a lieutenant named Brande","Who struggled for a long time to stand.","When she tried to do so,","She was struck by a blow,","With a great deal of blood on her hand.","-2.384975821546772","DTS_NO_STORY","victory","There was a vain captain named Rose","Who took on innumerable foes.","But she overcame them,","A glorious outcome,","And since then has gradually rose.","-4.094738522301549","SINGLE_NO_STORY","victory","There was a brave captain named Renee","Whose bravery finally gave way.","There is strength like a fight,","She literally might,","As she was out two hours in her day.","-4.4695888459682465","SINGLE_STORY","victory","There was a fierce judge named Brande","Who fought a great battle on her land.","When she returned to fight,","She was struck by a light,","And she had to flee to a safe hand.","-2.7569039328531786","DTS_STORY","4","5","1","5","4","5","4","4","1","2","2","3","0","2","3","1","2","3","2","4","5","2","5","4","4","true"
"3L2OEKSTXC8SDRNMW1MC3KP8Y4V8YI","3H2ZGQZOT171HJWDY13L4ZZU0NLXYZ","Evaluate emotion and storytelling of a limerick","Please read the following 4 limericks and evaluate its quality in terms of emotion and story telling.","text, poem, literature, ranking","$0.45","Thu Feb 20 16:29:14 PST 2020","10","BatchId:3928548;OriginalHitTemplateId:928390828;","3600","259200","Thu Feb 27 16:29:14 PST 2020","","","3V5Q80FXI1PIXTM2H1PNSJBDAKK23S","A3H2PNW9R0TGH1","Submitted","Thu Feb 20 17:41:39 PST 2020","Thu Feb 20 17:48:36 PST 2020","Sun Feb 23 17:48:36 PST 2020","","","","417","0% (0/0)","0% (0/0)","0% (0/0)","victory","There was a lieutenant named Brande","Who struggled for a long time to stand.","When she tried to do so,","She was struck by a blow,","With a great deal of blood on her hand.","-2.384975821546772","DTS_NO_STORY","victory","There was a vain captain named Rose","Who took on innumerable foes.","But she overcame them,","A glorious outcome,","And since then has gradually rose.","-4.094738522301549","SINGLE_NO_STORY","victory","There was a brave captain named Renee","Whose bravery finally gave way.","There is strength like a fight,","She literally might,","As she was out two hours in her day.","-4.4695888459682465","SINGLE_STORY","victory","There was a fierce judge named Brande","Who fought a great battle on her land.","When she returned to fight,","She was struck by a light,","And she had to flee to a safe hand.","-2.7569039328531786","DTS_STORY","4","4","3","5","5","4","1","4","4","5","4","4","1","4","2","3","5","4","2","5","3","5","3","5","4","true"
"3L2OEKSTXC8SDRNMW1MC3KP8Y4V8YI","3H2ZGQZOT171HJWDY13L4ZZU0NLXYZ","Evaluate emotion and storytelling of a limerick","Please read the following 4 limericks and evaluate its quality in terms of emotion and story telling.","text, poem, literature, ranking","$0.45","Thu Feb 20 16:29:14 PST 2020","10","BatchId:3928548;OriginalHitTemplateId:928390828;","3600","259200","Thu Feb 27 16:29:14 PST 2020","","","3WJ1OXY92EET3TNC6XDYPI2M2U58AY","AE3ZQZ2Z81Z11","Submitted","Thu Feb 20 18:08:14 PST 2020","Thu Feb 20 18:10:38 PST 2020","Sun Feb 23 18:10:38 PST 2020","","","","144","0% (0/0)","0% (0/0)","0% (0/0)","victory","There was a lieutenant named Brande","Who struggled for a long time to stand.","When she tried to do so,","She was struck by a blow,","With a great deal of blood on her hand.","-2.384975821546772","DTS_NO_STORY","victory","There was a vain captain named Rose","Who took on innumerable foes.","But she overcame them,","A glorious outcome,","And since then has gradually rose.","-4.094738522301549","SINGLE_NO_STORY","victory","There was a brave captain named Renee","Whose bravery finally gave way.","There is strength like a fight,","She literally might,","As she was out two hours in her day.","-4.4695888459682465","SINGLE_STORY","victory","There was a fierce judge named Brande","Who fought a great battle on her land.","When she returned to fight,","She was struck by a light,","And she had to flee to a safe hand.","-2.7569039328531786","DTS_STORY","2","5","1","1","5","5","4","5","1","5","5","5","1","2","4","1","2","3","3","2","5","1","2","5","4","true"
"3L2OEKSTXC8SDRNMW1MC3KP8Y4V8YI","3H2ZGQZOT171HJWDY13L4ZZU0NLXYZ","Evaluate emotion and storytelling of a limerick","Please read the following 4 limericks and evaluate its quality in terms of emotion and story telling.","text, poem, literature, ranking","$0.45","Thu Feb 20 16:29:14 PST 2020","10","BatchId:3928548;OriginalHitTemplateId:928390828;","3600","259200","Thu Feb 27 16:29:14 PST 2020","","","3WOKGM4L75E0N8CALC51XYG98DT0OY","AX3EXSGDXF9ZJ","Submitted","Thu Feb 20 16:34:34 PST 2020","Thu Feb 20 16:50:38 PST 2020","Sun Feb 23 16:50:38 PST 2020","","","","964","0% (0/0)","0% (0/0)","0% (0/0)","victory","There was a lieutenant named Brande","Who struggled for a long time to stand.","When she tried to do so,","She was struck by a blow,","With a great deal of blood on her hand.","-2.384975821546772","DTS_NO_STORY","victory","There was a vain captain named Rose","Who took on innumerable foes.","But she overcame them,","A glorious outcome,","And since then has gradually rose.","-4.094738522301549","SINGLE_NO_STORY","victory","There was a brave captain named Renee","Whose bravery finally gave way.","There is strength like a fight,","She literally might,","As she was out two hours in her day.","-4.4695888459682465","SINGLE_STORY","victory","There was a fierce judge named Brande","Who fought a great battle on her land.","When she returned to fight,","She was struck by a light,","And she had to flee to a safe hand.","-2.7569039328531786","DTS_STORY","1","5","2","1","4","3","1","5","1","5","3","4","1","2","5","2","3","4","3","1","5","2","2","4","4","true"
"3L2OEKSTXC8SDRNMW1MC3KP8Y4V8YI","3H2ZGQZOT171HJWDY13L4ZZU0NLXYZ","Evaluate emotion and storytelling of a limerick","Please read the following 4 limericks and evaluate its quality in terms of emotion and story telling.","text, poem, literature, ranking","$0.45","Thu Feb 20 16:29:14 PST 2020","10","BatchId:3928548;OriginalHitTemplateId:928390828;","3600","259200","Thu Feb 27 16:29:14 PST 2020","","","3X3OR7WPZ3YAZCEG3O2OYWIXW63L8S","A3IDU0PGLK1H1F","Submitted","Thu Feb 20 17:55:07 PST 2020","Thu Feb 20 17:58:02 PST 2020","Sun Feb 23 17:58:02 PST 2020","","","","175","0% (0/0)","0% (0/0)","0% (0/0)","victory","There was a lieutenant named Brande","Who struggled for a long time to stand.","When she tried to do so,","She was struck by a blow,","With a great deal of blood on her hand.","-2.384975821546772","DTS_NO_STORY","victory","There was a vain captain named Rose","Who took on innumerable foes.","But she overcame them,","A glorious outcome,","And since then has gradually rose.","-4.094738522301549","SINGLE_NO_STORY","victory","There was a brave captain named Renee","Whose bravery finally gave way.","There is strength like a fight,","She literally might,","As she was out two hours in her day.","-4.4695888459682465","SINGLE_STORY","victory","There was a fierce judge named Brande","Who fought a great battle on her land.","When she returned to fight,","She was struck by a light,","And she had to flee to a safe hand.","-2.7569039328531786","DTS_STORY","4","4","4","4","4","4","4","4","4","4","4","4","1","3","4","4","4","4","4","4","3","3","3","4","3","true"
"3L2OEKSTXC8SDRNMW1MC3KP8Y4V8YI","3H2ZGQZOT171HJWDY13L4ZZU0NLXYZ","Evaluate emotion and storytelling of a limerick","Please read the following 4 limericks and evaluate its quality in terms of emotion and story telling.","text, poem, literature, ranking","$0.45","Thu Feb 20 16:29:14 PST 2020","10","BatchId:3928548;OriginalHitTemplateId:928390828;","3600","259200","Thu Feb 27 16:29:14 PST 2020","","","3XCC1ODXDP9R8E9PU2GK6ZCWW4DQRX","AG32VVB9KIJLH","Submitted","Thu Feb 20 17:35:46 PST 2020","Thu Feb 20 17:39:42 PST 2020","Sun Feb 23 17:39:42 PST 2020","","","","236","0% (0/0)","0% (0/0)","0% (0/0)","victory","There was a lieutenant named Brande","Who struggled for a long time to stand.","When she tried to do so,","She was struck by a blow,","With a great deal of blood on her hand.","-2.384975821546772","DTS_NO_STORY","victory","There was a vain captain named Rose","Who took on innumerable foes.","But she overcame them,","A glorious outcome,","And since then has gradually rose.","-4.094738522301549","SINGLE_NO_STORY","victory","There was a brave captain named Renee","Whose bravery finally gave way.","There is strength like a fight,","She literally might,","As she was out two hours in her day.","-4.4695888459682465","SINGLE_STORY","victory","There was a fierce judge named Brande","Who fought a great battle on her land.","When she returned to fight,","She was struck by a light,","And she had to flee to a safe hand.","-2.7569039328531786","DTS_STORY","5","2","2","2","5","2","5","5","2","5","5","5","1","3","3","4","3","3","3","2","2","3","2","2","2","true"
"3L2OEKSTXC8SDRNMW1MC3KP8Y4V8YI","3H2ZGQZOT171HJWDY13L4ZZU0NLXYZ","Evaluate emotion and storytelling of a limerick","Please read the following 4 limericks and evaluate its quality in terms of emotion and story telling.","text, poem, literature, ranking","$0.45","Thu Feb 20 16:29:14 PST 2020","10","BatchId:3928548;OriginalHitTemplateId:928390828;","3600","259200","Thu Feb 27 16:29:14 PST 2020","","","3ZAK8W07I8CV0DW7HYHAW48YQZI0UC","AUJU5RQT3JRHB","Submitted","Thu Feb 20 16:53:33 PST 2020","Thu Feb 20 17:01:08 PST 2020","Sun Feb 23 17:01:08 PST 2020","","","","455","0% (0/0)","0% (0/0)","0% (0/0)","victory","There was a lieutenant named Brande","Who struggled for a long time to stand.","When she tried to do so,","She was struck by a blow,","With a great deal of blood on her hand.","-2.384975821546772","DTS_NO_STORY","victory","There was a vain captain named Rose","Who took on innumerable foes.","But she overcame them,","A glorious outcome,","And since then has gradually rose.","-4.094738522301549","SINGLE_NO_STORY","victory","There was a brave captain named Renee","Whose bravery finally gave way.","There is strength like a fight,","She literally might,","As she was out two hours in her day.","-4.4695888459682465","SINGLE_STORY","victory","There was a fierce judge named Brande","Who fought a great battle on her land.","When she returned to fight,","She was struck by a light,","And she had to flee to a safe hand.","-2.7569039328531786","DTS_STORY","2","5","1","1","5","5","2","4","1","5","5","3","1","3","5","2","3","4","5","2","4","1","4","4","4","true"
"3C8QQOM6KSZ12YS0M89DM1HQSLWIL8","3H2ZGQZOT171HJWDY13L4ZZU0NLXYZ","Evaluate emotion and storytelling of a limerick","Please read the following 4 limericks and evaluate its quality in terms of emotion and story telling.","text, poem, literature, ranking","$0.45","Thu Feb 20 16:29:14 PST 2020","10","BatchId:3928548;OriginalHitTemplateId:928390828;","3600","259200","Thu Feb 27 16:29:14 PST 2020","","","3018Q3ZVOMOZLY2856JYGZXRSMTRAT","A3QBYYDQGEFHA8","Submitted","Thu Feb 20 18:18:40 PST 2020","Thu Feb 20 18:22:57 PST 2020","Sun Feb 23 18:22:57 PST 2020","","","","257","0% (0/0)","0% (0/0)","0% (0/0)","mud","There was a lazy boy named Scot","Who stuck all his money in a pot.","When he started to sweat,","He was struck by a jet,","And he had to run to a safe spot.","-2.8063633423863035","DTS_STORY","mud","There was a chunky witch named Grace","Who stuck a hot iron on her face.","It was for her birthday,","But it was the wrong day,","And she had to go to a new place.","-2.5207495870012226","DTS_NO_STORY","mud","There once was a witch named Dot","Who covered, her just as I cannot.","Two women and a man,","Two women and a van,","Have all been my friends in my time not.","-4.175197092816234","SINGLE_NO_STORY","mud","There was a harsh witch named Rose","Who stuck on one of our shadows.","A shadow made concrete,","Then melted of the heat,","When she fell there were two black elbows.","-4.423863106760486","SINGLE_STORY","2","3","4","1","4","2","2","3","5","1","2","2","3","1","3","2","1","1","1","2","3","2","1","2","1","true"
"3C8QQOM6KSZ12YS0M89DM1HQSLWIL8","3H2ZGQZOT171HJWDY13L4ZZU0NLXYZ","Evaluate emotion and storytelling of a limerick","Please read the following 4 limericks and evaluate its quality in terms of emotion and story telling.","text, poem, literature, ranking","$0.45","Thu Feb 20 16:29:14 PST 2020","10","BatchId:3928548;OriginalHitTemplateId:928390828;","3600","259200","Thu Feb 27 16:29:14 PST 2020","","","358UUM7WR31H2W4AY37E68V1RELR70","A1NDM9R54FJMPW","Submitted","Thu Feb 20 17:37:56 PST 2020","Thu Feb 20 17:40:47 PST 2020","Sun Feb 23 17:40:47 PST 2020","","","","171","0% (0/0)","0% (0/0)","0% (0/0)","mud","There was a lazy boy named Scot","Who stuck all his money in a pot.","When he started to sweat,","He was struck by a jet,","And he had to run to a safe spot.","-2.8063633423863035","DTS_STORY","mud","There was a chunky witch named Grace","Who stuck a hot iron on her face.","It was for her birthday,","But it was the wrong day,","And she had to go to a new place.","-2.5207495870012226","DTS_NO_STORY","mud","There once was a witch named Dot","Who covered, her just as I cannot.","Two women and a man,","Two women and a van,","Have all been my friends in my time not.","-4.175197092816234","SINGLE_NO_STORY","mud","There was a harsh witch named Rose","Who stuck on one of our shadows.","A shadow made concrete,","Then melted of the heat,","When she fell there were two black elbows.","-4.423863106760486","SINGLE_STORY","2","2","4","1","4","2","2","3","1","1","2","1","3","2","2","1","1","2","2","3","3","1","2","3","4","true"
"3C8QQOM6KSZ12YS0M89DM1HQSLWIL8","3H2ZGQZOT171HJWDY13L4ZZU0NLXYZ","Evaluate emotion and storytelling of a limerick","Please read the following 4 limericks and evaluate its quality in terms of emotion and story telling.","text, poem, literature, ranking","$0.45","Thu Feb 20 16:29:14 PST 2020","10","BatchId:3928548;OriginalHitTemplateId:928390828;","3600","259200","Thu Feb 27 16:29:14 PST 2020","","","386CSBG1O3KYMVB52EDMV4L00H0Q60","A2CLPLB5VJJBTG","Submitted","Thu Feb 20 17:50:07 PST 2020","Thu Feb 20 18:01:00 PST 2020","Sun Feb 23 18:01:00 PST 2020","","","","653","0% (0/0)","0% (0/0)","0% (0/0)","mud","There was a lazy boy named Scot","Who stuck all his money in a pot.","When he started to sweat,","He was struck by a jet,","And he had to run to a safe spot.","-2.8063633423863035","DTS_STORY","mud","There was a chunky witch named Grace","Who stuck a hot iron on her face.","It was for her birthday,","But it was the wrong day,","And she had to go to a new place.","-2.5207495870012226","DTS_NO_STORY","mud","There once was a witch named Dot","Who covered, her just as I cannot.","Two women and a man,","Two women and a van,","Have all been my friends in my time not.","-4.175197092816234","SINGLE_NO_STORY","mud","There was a harsh witch named Rose","Who stuck on one of our shadows.","A shadow made concrete,","Then melted of the heat,","When she fell there were two black elbows.","-4.423863106760486","SINGLE_STORY","3","5","2","2","5","4","2","2","2","2","5","3","3","2","2","2","2","3","2","2","2","2","2","2","2","true"
"3C8QQOM6KSZ12YS0M89DM1HQSLWIL8","3H2ZGQZOT171HJWDY13L4ZZU0NLXYZ","Evaluate emotion and storytelling of a limerick","Please read the following 4 limericks and evaluate its quality in terms of emotion and story telling.","text, poem, literature, ranking","$0.45","Thu Feb 20 16:29:14 PST 2020","10","BatchId:3928548;OriginalHitTemplateId:928390828;","3600","259200","Thu Feb 27 16:29:14 PST 2020","","","3I7DHKZYGRY5C2LIJFSNRZ3MXKE5F3","AGKCK081EU63R","Submitted","Thu Feb 20 16:52:39 PST 2020","Thu Feb 20 16:56:10 PST 2020","Sun Feb 23 16:56:10 PST 2020","","","","211","0% (0/0)","0% (0/0)","0% (0/0)","mud","There was a lazy boy named Scot","Who stuck all his money in a pot.","When he started to sweat,","He was struck by a jet,","And he had to run to a safe spot.","-2.8063633423863035","DTS_STORY","mud","There was a chunky witch named Grace","Who stuck a hot iron on her face.","It was for her birthday,","But it was the wrong day,","And she had to go to a new place.","-2.5207495870012226","DTS_NO_STORY","mud","There once was a witch named Dot","Who covered, her just as I cannot.","Two women and a man,","Two women and a van,","Have all been my friends in my time not.","-4.175197092816234","SINGLE_NO_STORY","mud","There was a harsh witch named Rose","Who stuck on one of our shadows.","A shadow made concrete,","Then melted of the heat,","When she fell there were two black elbows.","-4.423863106760486","SINGLE_STORY","5","5","5","5","5","5","5","5","5","4","5","5","3","2","2","3","1","3","2","2","2","2","1","3","2","true"
"3C8QQOM6KSZ12YS0M89DM1HQSLWIL8","3H2ZGQZOT171HJWDY13L4ZZU0NLXYZ","Evaluate emotion and storytelling of a limerick","Please read the following 4 limericks and evaluate its quality in terms of emotion and story telling.","text, poem, literature, ranking","$0.45","Thu Feb 20 16:29:14 PST 2020","10","BatchId:3928548;OriginalHitTemplateId:928390828;","3600","259200","Thu Feb 27 16:29:14 PST 2020","","","3IQ1VMJRYXITHY6MBPJCPEXXM0J9AK","A3BHWR32XVJSXJ","Submitted","Thu Feb 20 16:38:41 PST 2020","Thu Feb 20 16:48:10 PST 2020","Sun Feb 23 16:48:10 PST 2020","","","","569","0% (0/0)","0% (0/0)","0% (0/0)","mud","There was a lazy boy named Scot","Who stuck all his money in a pot.","When he started to sweat,","He was struck by a jet,","And he had to run to a safe spot.","-2.8063633423863035","DTS_STORY","mud","There was a chunky witch named Grace","Who stuck a hot iron on her face.","It was for her birthday,","But it was the wrong day,","And she had to go to a new place.","-2.5207495870012226","DTS_NO_STORY","mud","There once was a witch named Dot","Who covered, her just as I cannot.","Two women and a man,","Two women and a van,","Have all been my friends in my time not.","-4.175197092816234","SINGLE_NO_STORY","mud","There was a harsh witch named Rose","Who stuck on one of our shadows.","A shadow made concrete,","Then melted of the heat,","When she fell there were two black elbows.","-4.423863106760486","SINGLE_STORY","3","1","4","1","4","4","5","4","5","3","4","3","2","5","3","3","1","5","5","2","4","3","3","4","3","true"
"3C8QQOM6KSZ12YS0M89DM1HQSLWIL8","3H2ZGQZOT171HJWDY13L4ZZU0NLXYZ","Evaluate emotion and storytelling of a limerick","Please read the following 4 limericks and evaluate its quality in terms of emotion and story telling.","text, poem, literature, ranking","$0.45","Thu Feb 20 16:29:14 PST 2020","10","BatchId:3928548;OriginalHitTemplateId:928390828;","3600","259200","Thu Feb 27 16:29:14 PST 2020","","","3KB8R4ZV1I5DFIYMV9PIC63Q8V3BGC","A2J46J3R0K0PWU","Submitted","Thu Feb 20 17:59:20 PST 2020","Thu Feb 20 18:10:39 PST 2020","Sun Feb 23 18:10:39 PST 2020","","","","679","0% (0/0)","0% (0/0)","0% (0/0)","mud","There was a lazy boy named Scot","Who stuck all his money in a pot.","When he started to sweat,","He was struck by a jet,","And he had to run to a safe spot.","-2.8063633423863035","DTS_STORY","mud","There was a chunky witch named Grace","Who stuck a hot iron on her face.","It was for her birthday,","But it was the wrong day,","And she had to go to a new place.","-2.5207495870012226","DTS_NO_STORY","mud","There once was a witch named Dot","Who covered, her just as I cannot.","Two women and a man,","Two women and a van,","Have all been my friends in my time not.","-4.175197092816234","SINGLE_NO_STORY","mud","There was a harsh witch named Rose","Who stuck on one of our shadows.","A shadow made concrete,","Then melted of the heat,","When she fell there were two black elbows.","-4.423863106760486","SINGLE_STORY","2","3","1","1","1","1","2","1","1","1","2","1","3","1","1","1","1","1","1","2","4","1","3","2","2","true"
"3C8QQOM6KSZ12YS0M89DM1HQSLWIL8","3H2ZGQZOT171HJWDY13L4ZZU0NLXYZ","Evaluate emotion and storytelling of a limerick","Please read the following 4 limericks and evaluate its quality in terms of emotion and story telling.","text, poem, literature, ranking","$0.45","Thu Feb 20 16:29:14 PST 2020","10","BatchId:3928548;OriginalHitTemplateId:928390828;","3600","259200","Thu Feb 27 16:29:14 PST 2020","","","3LPW2N6LKX0UVKI8E4NMDZ4P77RU5P","A3JLE2LJ5I17E2","Submitted","Thu Feb 20 16:29:26 PST 2020","Thu Feb 20 16:38:49 PST 2020","Sun Feb 23 16:38:49 PST 2020","","","","563","0% (0/0)","0% (0/0)","0% (0/0)","mud","There was a lazy boy named Scot","Who stuck all his money in a pot.","When he started to sweat,","He was struck by a jet,","And he had to run to a safe spot.","-2.8063633423863035","DTS_STORY","mud","There was a chunky witch named Grace","Who stuck a hot iron on her face.","It was for her birthday,","But it was the wrong day,","And she had to go to a new place.","-2.5207495870012226","DTS_NO_STORY","mud","There once was a witch named Dot","Who covered, her just as I cannot.","Two women and a man,","Two women and a van,","Have all been my friends in my time not.","-4.175197092816234","SINGLE_NO_STORY","mud","There was a harsh witch named Rose","Who stuck on one of our shadows.","A shadow made concrete,","Then melted of the heat,","When she fell there were two black elbows.","-4.423863106760486","SINGLE_STORY","3","3","2","2","3","2","3","3","4","3","4","4","3","2","3","3","4","2","2","4","3","2","3","4","3","true"
"3C8QQOM6KSZ12YS0M89DM1HQSLWIL8","3H2ZGQZOT171HJWDY13L4ZZU0NLXYZ","Evaluate emotion and storytelling of a limerick","Please read the following 4 limericks and evaluate its quality in terms of emotion and story telling.","text, poem, literature, ranking","$0.45","Thu Feb 20 16:29:14 PST 2020","10","BatchId:3928548;OriginalHitTemplateId:928390828;","3600","259200","Thu Feb 27 16:29:14 PST 2020","","","3PM8NZGV82EB5AV131MCVHYKXLWXQY","A23BWWRR7J5XLS","Submitted","Thu Feb 20 16:49:46 PST 2020","Thu Feb 20 17:31:51 PST 2020","Sun Feb 23 17:31:51 PST 2020","","","","2525","0% (0/0)","0% (0/0)","0% (0/0)","mud","There was a lazy boy named Scot","Who stuck all his money in a pot.","When he started to sweat,","He was struck by a jet,","And he had to run to a safe spot.","-2.8063633423863035","DTS_STORY","mud","There was a chunky witch named Grace","Who stuck a hot iron on her face.","It was for her birthday,","But it was the wrong day,","And she had to go to a new place.","-2.5207495870012226","DTS_NO_STORY","mud","There once was a witch named Dot","Who covered, her just as I cannot.","Two women and a man,","Two women and a van,","Have all been my friends in my time not.","-4.175197092816234","SINGLE_NO_STORY","mud","There was a harsh witch named Rose","Who stuck on one of our shadows.","A shadow made concrete,","Then melted of the heat,","When she fell there were two black elbows.","-4.423863106760486","SINGLE_STORY","1","4","2","1","5","4","2","2","2","1","4","4","3","1","4","1","1","2","1","1","5","1","2","1","2","true"
"3C8QQOM6KSZ12YS0M89DM1HQSLWIL8","3H2ZGQZOT171HJWDY13L4ZZU0NLXYZ","Evaluate emotion and storytelling of a limerick","Please read the following 4 limericks and evaluate its quality in terms of emotion and story telling.","text, poem, literature, ranking","$0.45","Thu Feb 20 16:29:14 PST 2020","10","BatchId:3928548;OriginalHitTemplateId:928390828;","3600","259200","Thu Feb 27 16:29:14 PST 2020","","","3X87C8JFVA939T929RGPW9HSI6XSQO","A3IDU0PGLK1H1F","Submitted","Thu Feb 20 17:49:38 PST 2020","Thu Feb 20 17:53:21 PST 2020","Sun Feb 23 17:53:21 PST 2020","","","","223","0% (0/0)","0% (0/0)","0% (0/0)","mud","There was a lazy boy named Scot","Who stuck all his money in a pot.","When he started to sweat,","He was struck by a jet,","And he had to run to a safe spot.","-2.8063633423863035","DTS_STORY","mud","There was a chunky witch named Grace","Who stuck a hot iron on her face.","It was for her birthday,","But it was the wrong day,","And she had to go to a new place.","-2.5207495870012226","DTS_NO_STORY","mud","There once was a witch named Dot","Who covered, her just as I cannot.","Two women and a man,","Two women and a van,","Have all been my friends in my time not.","-4.175197092816234","SINGLE_NO_STORY","mud","There was a harsh witch named Rose","Who stuck on one of our shadows.","A shadow made concrete,","Then melted of the heat,","When she fell there were two black elbows.","-4.423863106760486","SINGLE_STORY","2","3","3","4","2","2","4","3","2","3","4","2","3","4","4","4","4","4","4","4","4","4","1","4","4","true"
"3C8QQOM6KSZ12YS0M89DM1HQSLWIL8","3H2ZGQZOT171HJWDY13L4ZZU0NLXYZ","Evaluate emotion and storytelling of a limerick","Please read the following 4 limericks and evaluate its quality in terms of emotion and story telling.","text, poem, literature, ranking","$0.45","Thu Feb 20 16:29:14 PST 2020","10","BatchId:3928548;OriginalHitTemplateId:928390828;","3600","259200","Thu Feb 27 16:29:14 PST 2020","","","3ZSY5X72N19ON2W9FPOGHUHWH3SRON","A1JLYIQ4HT4KQC","Submitted","Thu Feb 20 17:29:45 PST 2020","Thu Feb 20 17:36:38 PST 2020","Sun Feb 23 17:36:38 PST 2020","","","","413","0% (0/0)","0% (0/0)","0% (0/0)","mud","There was a lazy boy named Scot","Who stuck all his money in a pot.","When he started to sweat,","He was struck by a jet,","And he had to run to a safe spot.","-2.8063633423863035","DTS_STORY","mud","There was a chunky witch named Grace","Who stuck a hot iron on her face.","It was for her birthday,","But it was the wrong day,","And she had to go to a new place.","-2.5207495870012226","DTS_NO_STORY","mud","There once was a witch named Dot","Who covered, her just as I cannot.","Two women and a man,","Two women and a van,","Have all been my friends in my time not.","-4.175197092816234","SINGLE_NO_STORY","mud","There was a harsh witch named Rose","Who stuck on one of our shadows.","A shadow made concrete,","Then melted of the heat,","When she fell there were two black elbows.","-4.423863106760486","SINGLE_STORY","3","3","2","2","4","2","3","3","1","1","3","1","3","1","1","1","1","2","1","3","3","1","1","3","2","true"
"3YO4AH2FQGI1M0RXANS3XJGOGX2Q0A","3H2ZGQZOT171HJWDY13L4ZZU0NLXYZ","Evaluate emotion and storytelling of a limerick","Please read the following 4 limericks and evaluate its quality in terms of emotion and story telling.","text, poem, literature, ranking","$0.45","Thu Feb 20 16:29:14 PST 2020","10","BatchId:3928548;OriginalHitTemplateId:928390828;","3600","259200","Thu Feb 27 16:29:14 PST 2020","","","3BDCF01OG1SPEI5YGS0IX96ZPL3LY3","A1SM84EUFYVUOK","Submitted","Thu Feb 20 17:05:43 PST 2020","Thu Feb 20 17:47:15 PST 2020","Sun Feb 23 17:47:15 PST 2020","","","","2492","0% (0/0)","0% (0/0)","0% (0/0)","park","There was a neat man named Rey","Who drove a white van on our way.","When we arrived to ride,","We were met by our guide,","And we sat down and enjoyed our day.","-2.7160752583295107","DTS_STORY","park","There was a lively girl named Rosalee","Whose life went much easier than me.","She lived out one playground,","In a quiet background,","And played on the beautiful tv.","-4.162947862236588","SINGLE_STORY","park","There was a funny girl named Rose","Who visited on one of my shows.","A friend introduced her,","Then told of the transfer,","When it happened there was one big nose.","-3.744896274188469","SINGLE_NO_STORY","park","There was a neat girl named Leone","Who walked a great distance on her own.","She was like a flower,","She had so much power,","She was able to lift a huge stone.","-2.5627032534459664","DTS_NO_STORY","2","4","1","2","3","3","1","1","1","2","1","2","0","2","3","1","1","3","2","4","5","2","2","4","5","true"
"3YO4AH2FQGI1M0RXANS3XJGOGX2Q0A","3H2ZGQZOT171HJWDY13L4ZZU0NLXYZ","Evaluate emotion and storytelling of a limerick","Please read the following 4 limericks and evaluate its quality in terms of emotion and story telling.","text, poem, literature, ranking","$0.45","Thu Feb 20 16:29:14 PST 2020","10","BatchId:3928548;OriginalHitTemplateId:928390828;","3600","259200","Thu Feb 27 16:29:14 PST 2020","","","3EFVCAY5L7744MQG03QBIH55SHYJ8O","A3IDU0PGLK1H1F","Submitted","Thu Feb 20 17:53:21 PST 2020","Thu Feb 20 17:55:02 PST 2020","Sun Feb 23 17:55:02 PST 2020","","","","101","0% (0/0)","0% (0/0)","0% (0/0)","park","There was a neat man named Rey","Who drove a white van on our way.","When we arrived to ride,","We were met by our guide,","And we sat down and enjoyed our day.","-2.7160752583295107","DTS_STORY","park","There was a lively girl named Rosalee","Whose life went much easier than me.","She lived out one playground,","In a quiet background,","And played on the beautiful tv.","-4.162947862236588","SINGLE_STORY","park","There was a funny girl named Rose","Who visited on one of my shows.","A friend introduced her,","Then told of the transfer,","When it happened there was one big nose.","-3.744896274188469","SINGLE_NO_STORY","park","There was a neat girl named Leone","Who walked a great distance on her own.","She was like a flower,","She had so much power,","She was able to lift a huge stone.","-2.5627032534459664","DTS_NO_STORY","3","4","3","3","3","3","4","4","3","4","4","3","0","4","4","4","4","4","4","3","3","3","1","3","3","true"
"3YO4AH2FQGI1M0RXANS3XJGOGX2Q0A","3H2ZGQZOT171HJWDY13L4ZZU0NLXYZ","Evaluate emotion and storytelling of a limerick","Please read the following 4 limericks and evaluate its quality in terms of emotion and story telling.","text, poem, literature, ranking","$0.45","Thu Feb 20 16:29:14 PST 2020","10","BatchId:3928548;OriginalHitTemplateId:928390828;","3600","259200","Thu Feb 27 16:29:14 PST 2020","","","3FPRZHYEP25RUKK45B9YUO8O7ICV3S","A2HJDLSU95MH8Q","Submitted","Thu Feb 20 17:32:45 PST 2020","Thu Feb 20 17:39:28 PST 2020","Sun Feb 23 17:39:28 PST 2020","","","","403","0% (0/0)","0% (0/0)","0% (0/0)","park","There was a neat man named Rey","Who drove a white van on our way.","When we arrived to ride,","We were met by our guide,","And we sat down and enjoyed our day.","-2.7160752583295107","DTS_STORY","park","There was a lively girl named Rosalee","Whose life went much easier than me.","She lived out one playground,","In a quiet background,","And played on the beautiful tv.","-4.162947862236588","SINGLE_STORY","park","There was a funny girl named Rose","Who visited on one of my shows.","A friend introduced her,","Then told of the transfer,","When it happened there was one big nose.","-3.744896274188469","SINGLE_NO_STORY","park","There was a neat girl named Leone","Who walked a great distance on her own.","She was like a flower,","She had so much power,","She was able to lift a huge stone.","-2.5627032534459664","DTS_NO_STORY","4","4","1","3","4","4","4","2","2","1","3","3","0","1","1","1","1","2","1","2","4","2","1","4","4","true"
"3YO4AH2FQGI1M0RXANS3XJGOGX2Q0A","3H2ZGQZOT171HJWDY13L4ZZU0NLXYZ","Evaluate emotion and storytelling of a limerick","Please read the following 4 limericks and evaluate its quality in terms of emotion and story telling.","text, poem, literature, ranking","$0.45","Thu Feb 20 16:29:14 PST 2020","10","BatchId:3928548;OriginalHitTemplateId:928390828;","3600","259200","Thu Feb 27 16:29:14 PST 2020","","","3G5F9DBFOTV6OSR3KWY0YI9YQNUVHZ","A1NDM9R54FJMPW","Submitted","Thu Feb 20 17:34:34 PST 2020","Thu Feb 20 17:37:46 PST 2020","Sun Feb 23 17:37:46 PST 2020","","","","192","0% (0/0)","0% (0/0)","0% (0/0)","park","There was a neat man named Rey","Who drove a white van on our way.","When we arrived to ride,","We were met by our guide,","And we sat down and enjoyed our day.","-2.7160752583295107","DTS_STORY","park","There was a lively girl named Rosalee","Whose life went much easier than me.","She lived out one playground,","In a quiet background,","And played on the beautiful tv.","-4.162947862236588","SINGLE_STORY","park","There was a funny girl named Rose","Who visited on one of my shows.","A friend introduced her,","Then told of the transfer,","When it happened there was one big nose.","-3.744896274188469","SINGLE_NO_STORY","park","There was a neat girl named Leone","Who walked a great distance on her own.","She was like a flower,","She had so much power,","She was able to lift a huge stone.","-2.5627032534459664","DTS_NO_STORY","2","4","3","4","5","5","4","4","1","3","4","4","0","2","2","4","2","3","2","3","4","2","2","4","4","true"
"3YO4AH2FQGI1M0RXANS3XJGOGX2Q0A","3H2ZGQZOT171HJWDY13L4ZZU0NLXYZ","Evaluate emotion and storytelling of a limerick","Please read the following 4 limericks and evaluate its quality in terms of emotion and story telling.","text, poem, literature, ranking","$0.45","Thu Feb 20 16:29:14 PST 2020","10","BatchId:3928548;OriginalHitTemplateId:928390828;","3600","259200","Thu Feb 27 16:29:14 PST 2020","","","3K9FOBBF2LHV2J1K9QR7GT8SL1YLNC","A3CH1Z6J9R38G9","Submitted","Thu Feb 20 16:33:00 PST 2020","Thu Feb 20 16:39:02 PST 2020","Sun Feb 23 16:39:02 PST 2020","","","","362","0% (0/0)","0% (0/0)","0% (0/0)","park","There was a neat man named Rey","Who drove a white van on our way.","When we arrived to ride,","We were met by our guide,","And we sat down and enjoyed our day.","-2.7160752583295107","DTS_STORY","park","There was a lively girl named Rosalee","Whose life went much easier than me.","She lived out one playground,","In a quiet background,","And played on the beautiful tv.","-4.162947862236588","SINGLE_STORY","park","There was a funny girl named Rose","Who visited on one of my shows.","A friend introduced her,","Then told of the transfer,","When it happened there was one big nose.","-3.744896274188469","SINGLE_NO_STORY","park","There was a neat girl named Leone","Who walked a great distance on her own.","She was like a flower,","She had so much power,","She was able to lift a huge stone.","-2.5627032534459664","DTS_NO_STORY","3","5","2","5","4","5","4","5","3","3","3","3","0","3","4","4","2","3","3","4","4","5","3","4","4","true"
"3YO4AH2FQGI1M0RXANS3XJGOGX2Q0A","3H2ZGQZOT171HJWDY13L4ZZU0NLXYZ","Evaluate emotion and storytelling of a limerick","Please read the following 4 limericks and evaluate its quality in terms of emotion and story telling.","text, poem, literature, ranking","$0.45","Thu Feb 20 16:29:14 PST 2020","10","BatchId:3928548;OriginalHitTemplateId:928390828;","3600","259200","Thu Feb 27 16:29:14 PST 2020","","","3M81GAB8A4H4S7S0Y5UU6K7SEIBQBL","ASI6KXF2GAUTQ","Submitted","Thu Feb 20 17:50:59 PST 2020","Thu Feb 20 17:56:08 PST 2020","Sun Feb 23 17:56:08 PST 2020","","","","309","0% (0/0)","0% (0/0)","0% (0/0)","park","There was a neat man named Rey","Who drove a white van on our way.","When we arrived to ride,","We were met by our guide,","And we sat down and enjoyed our day.","-2.7160752583295107","DTS_STORY","park","There was a lively girl named Rosalee","Whose life went much easier than me.","She lived out one playground,","In a quiet background,","And played on the beautiful tv.","-4.162947862236588","SINGLE_STORY","park","There was a funny girl named Rose","Who visited on one of my shows.","A friend introduced her,","Then told of the transfer,","When it happened there was one big nose.","-3.744896274188469","SINGLE_NO_STORY","park","There was a neat girl named Leone","Who walked a great distance on her own.","She was like a flower,","She had so much power,","She was able to lift a huge stone.","-2.5627032534459664","DTS_NO_STORY","2","5","1","2","5","5","1","3","1","2","3","3","0","1","2","2","1","3","3","1","5","1","2","3","5","true"
"3YO4AH2FQGI1M0RXANS3XJGOGX2Q0A","3H2ZGQZOT171HJWDY13L4ZZU0NLXYZ","Evaluate emotion and storytelling of a limerick","Please read the following 4 limericks and evaluate its quality in terms of emotion and story telling.","text, poem, literature, ranking","$0.45","Thu Feb 20 16:29:14 PST 2020","10","BatchId:3928548;OriginalHitTemplateId:928390828;","3600","259200","Thu Feb 27 16:29:14 PST 2020","","","3Q5ZZ9ZEVSDWXNBVB1MHH7M0AG258N","A17D4EIP6P68L7","Submitted","Thu Feb 20 17:28:14 PST 2020","Thu Feb 20 17:33:19 PST 2020","Sun Feb 23 17:33:19 PST 2020","","","","305","0% (0/0)","0% (0/0)","0% (0/0)","park","There was a neat man named Rey","Who drove a white van on our way.","When we arrived to ride,","We were met by our guide,","And we sat down and enjoyed our day.","-2.7160752583295107","DTS_STORY","park","There was a lively girl named Rosalee","Whose life went much easier than me.","She lived out one playground,","In a quiet background,","And played on the beautiful tv.","-4.162947862236588","SINGLE_STORY","park","There was a funny girl named Rose","Who visited on one of my shows.","A friend introduced her,","Then told of the transfer,","When it happened there was one big nose.","-3.744896274188469","SINGLE_NO_STORY","park","There was a neat girl named Leone","Who walked a great distance on her own.","She was like a flower,","She had so much power,","She was able to lift a huge stone.","-2.5627032534459664","DTS_NO_STORY","2","5","2","2","5","5","2","3","2","2","3","2","0","2","4","3","2","4","2","3","5","2","2","5","3","true"
"3YO4AH2FQGI1M0RXANS3XJGOGX2Q0A","3H2ZGQZOT171HJWDY13L4ZZU0NLXYZ","Evaluate emotion and storytelling of a limerick","Please read the following 4 limericks and evaluate its quality in terms of emotion and story telling.","text, poem, literature, ranking","$0.45","Thu Feb 20 16:29:14 PST 2020","10","BatchId:3928548;OriginalHitTemplateId:928390828;","3600","259200","Thu Feb 27 16:29:14 PST 2020","","","3U8YCDAGXTE38KPQ0PX5M3B9NEF0QA","APF1EAZT104LQ","Submitted","Thu Feb 20 17:54:15 PST 2020","Thu Feb 20 17:55:37 PST 2020","Sun Feb 23 17:55:37 PST 2020","","","","82","0% (0/0)","0% (0/0)","0% (0/0)","park","There was a neat man named Rey","Who drove a white van on our way.","When we arrived to ride,","We were met by our guide,","And we sat down and enjoyed our day.","-2.7160752583295107","DTS_STORY","park","There was a lively girl named Rosalee","Whose life went much easier than me.","She lived out one playground,","In a quiet background,","And played on the beautiful tv.","-4.162947862236588","SINGLE_STORY","park","There was a funny girl named Rose","Who visited on one of my shows.","A friend introduced her,","Then told of the transfer,","When it happened there was one big nose.","-3.744896274188469","SINGLE_NO_STORY","park","There was a neat girl named Leone","Who walked a great distance on her own.","She was like a flower,","She had so much power,","She was able to lift a huge stone.","-2.5627032534459664","DTS_NO_STORY","2","3","2","3","2","3","2","2","3","2","3","2","0","3","4","4","3","4","3","3","3","3","3","3","4","true"
"3YO4AH2FQGI1M0RXANS3XJGOGX2Q0A","3H2ZGQZOT171HJWDY13L4ZZU0NLXYZ","Evaluate emotion and storytelling of a limerick","Please read the following 4 limericks and evaluate its quality in terms of emotion and story telling.","text, poem, literature, ranking","$0.45","Thu Feb 20 16:29:14 PST 2020","10","BatchId:3928548;OriginalHitTemplateId:928390828;","3600","259200","Thu Feb 27 16:29:14 PST 2020","","","3WAKVUDHU0E9IOWR2X2JBJILYDMU74","A3RD4M6HFHIO7Z","Submitted","Thu Feb 20 16:29:28 PST 2020","Thu Feb 20 17:01:35 PST 2020","Sun Feb 23 17:01:35 PST 2020","","","","1927","0% (0/0)","0% (0/0)","0% (0/0)","park","There was a neat man named Rey","Who drove a white van on our way.","When we arrived to ride,","We were met by our guide,","And we sat down and enjoyed our day.","-2.7160752583295107","DTS_STORY","park","There was a lively girl named Rosalee","Whose life went much easier than me.","She lived out one playground,","In a quiet background,","And played on the beautiful tv.","-4.162947862236588","SINGLE_STORY","park","There was a funny girl named Rose","Who visited on one of my shows.","A friend introduced her,","Then told of the transfer,","When it happened there was one big nose.","-3.744896274188469","SINGLE_NO_STORY","park","There was a neat girl named Leone","Who walked a great distance on her own.","She was like a flower,","She had so much power,","She was able to lift a huge stone.","-2.5627032534459664","DTS_NO_STORY","2","3","1","1","3","2","1","1","1","1","1","1","0","1","2","1","1","1","1","1","4","2","1","2","1","true"
"3YO4AH2FQGI1M0RXANS3XJGOGX2Q0A","3H2ZGQZOT171HJWDY13L4ZZU0NLXYZ","Evaluate emotion and storytelling of a limerick","Please read the following 4 limericks and evaluate its quality in terms of emotion and story telling.","text, poem, literature, ranking","$0.45","Thu Feb 20 16:29:14 PST 2020","10","BatchId:3928548;OriginalHitTemplateId:928390828;","3600","259200","Thu Feb 27 16:29:14 PST 2020","","","3WRFBPLXREMEMFBV3KN7K7EBLF7N30","A2ZQCHONMAJZF","Submitted","Thu Feb 20 16:29:59 PST 2020","Thu Feb 20 16:39:38 PST 2020","Sun Feb 23 16:39:38 PST 2020","","","","579","0% (0/0)","0% (0/0)","0% (0/0)","park","There was a neat man named Rey","Who drove a white van on our way.","When we arrived to ride,","We were met by our guide,","And we sat down and enjoyed our day.","-2.7160752583295107","DTS_STORY","park","There was a lively girl named Rosalee","Whose life went much easier than me.","She lived out one playground,","In a quiet background,","And played on the beautiful tv.","-4.162947862236588","SINGLE_STORY","park","There was a funny girl named Rose","Who visited on one of my shows.","A friend introduced her,","Then told of the transfer,","When it happened there was one big nose.","-3.744896274188469","SINGLE_NO_STORY","park","There was a neat girl named Leone","Who walked a great distance on her own.","She was like a flower,","She had so much power,","She was able to lift a huge stone.","-2.5627032534459664","DTS_NO_STORY","3","4","2","2","5","4","4","4","3","2","5","4","1","3","4","4","1","4","3","3","4","3","1","5","4","true"